iter	Logloss
0	0.5303986417
1	0.3558905786
2	0.2923782453
3	0.2350950246
4	0.2056580522
5	0.1824667938
6	0.1685094348
7	0.159266776
8	0.1492089622
9	0.1390863226
10	0.1328587261
11	0.1270205916
12	0.1213662494
13	0.114500426
14	0.1099051469
15	0.1046477863
16	0.1017538108
17	0.09835974926
18	0.09456615267
19	0.09135720557
20	0.0885938293
21	0.08475292941
22	0.08247058014
23	0.07984391317
